aX,aY,aZ,gX,gY,gZ
0.5,-1.497,0.509,-15.19,18.69,-179.34
0.651,-0.656,2.08,155.68,-72.31,-135.24
0.61,-1.234,0.113,269.92,-60.48,-140.14
0.667,-1.477,0.797,177.1,-77.77,-145.74
0.729,-1.427,0.528,210.21,-83.51,-149.73
0.687,-1.263,0.793,182.35,-102.13,-141.33
0.604,-1.383,0.813,148.4,-119.84,-146.79
0.588,-1.308,0.641,135.8,-127.54,-157.01
0.575,-1.234,0.879,110.88,-135.66,-162.12
0.638,-1.185,0.807,125.58,-134.4,-163.73
0.701,-1.127,0.636,154.98,-130.55,-168.28
0.681,-1.128,0.744,155.96,-132.72,-168.98
0.635,-1.137,0.656,167.65,-128.03,-167.09
0.577,-1.099,0.913,165.13,-123.06,-174.72
0.56,-1.034,0.917,141.82,-126.49,-177.45
0.58,-0.948,0.889,147.77,-130.34,-173.39
0.535,-0.954,0.962,147.98,-137.62,-167.02
0.553,-0.867,1.032,144.69,-152.95,-159.74
0.569,-0.775,1.034,142.59,-172.69,-149.38
0.591,-0.697,0.902,159.25,-187.6,-134.4
0.499,-0.687,0.986,155.61,-204.47,-123.83
0.488,-0.717,1.002,139.65,-221.13,-124.88
0.507,-0.762,0.861,137.97,-227.64,-130.62
0.486,-0.732,0.796,146.65,-223.58,-136.08
0.481,-0.77,0.803,176.61,-217.42,-143.78
0.481,-0.823,0.792,192.64,-214.62,-161.98
0.435,-0.789,0.765,213.78,-217.28,-171.64
0.376,-0.737,0.772,222.25,-227.36,-175.7
0.317,-0.645,0.781,222.04,-243.32,-178.15
0.135,-0.469,0.508,223.86,-258.23,-175.63
0.18,-0.357,0.516,215.18,-274.19,-163.87
0.072,-0.347,0.454,196.7,-282.73,-149.52
0.012,-0.303,0.394,180.6,-292.11,-136.99
0.023,-0.19,0.256,183.05,-304.08,-122.64
0.02,-0.163,0.174,186.9,-315.14,-107.45
-0.037,-0.204,0.024,178.43,-318.01,-93.17
-0.079,-0.212,-0.104,174.23,-312.76,-88.27
-0.07,-0.184,-0.136,162.47,-307.86,-84.91
-0.078,-0.224,-0.203,152.67,-296.38,-86.24
-0.115,-0.207,-0.224,145.95,-287.0,-87.85
-0.053,-0.112,-0.344,158.34,-276.36,-82.46
-0.06,0.091,-0.301,162.61,-272.44,-67.69
-0.028,0.025,-0.227,156.31,-273.49,-59.85
-0.084,-0.012,-0.159,158.2,-279.23,-57.4
-0.075,0.031,-0.046,144.83,-288.47,-51.66
-0.052,0.062,-0.022,128.24,-302.75,-39.83
-0.064,0.017,0.039,120.12,-316.19,-29.05
-0.08,0.007,0.165,91.84,-339.64,-16.73
-0.19,-0.203,0.004,94.85,-363.16,-12.39
-0.29,-0.388,-0.138,134.54,-384.86,-18.69
-0.376,-0.723,-0.274,147.21,-406.28,-38.5
-0.473,-0.971,-0.394,145.46,-429.8,-73.78
-0.645,-1.202,-0.57,131.88,-460.6,-123.83
-1.024,-1.398,-0.796,107.31,-473.41,-180.88
-1.439,-1.518,-1.606,132.3,-444.78,-229.39
-1.889,-1.396,-3.339,320.46,-320.25,-246.75
-2.29,-1.29,-4.33,398.72,-150.5,-213.64
-1.87,-1.017,-4.387,328.3,-58.17,-143.57
-1.043,-0.771,-4.312,209.16,-50.12,-65.52
-0.814,-0.499,-4.367,107.8,-53.69,-4.48
-0.566,-0.237,-4.072,3.92,-25.34,37.24
-0.569,-0.394,-3.269,-147.63,30.38,68.25
-0.43,-0.302,-2.096,-229.6,66.57,94.43
-0.29,-0.285,-0.918,-295.54,65.31,106.82
-0.2,-0.3,-0.268,-270.9,55.65,98.7
0.137,-0.225,-0.055,-182.07,31.64,89.32
0.502,-0.212,0.02,-95.83,20.58,77.77
0.621,-0.405,-0.128,-57.68,16.94,49.56
0.705,-0.513,-0.465,-26.74,20.93,13.44
0.663,-0.515,-0.77,3.57,29.68,-18.34
0.559,-0.48,-1.022,13.51,39.55,-42.07
0.396,-0.45,-1.254,3.36,52.92,-64.75
0.19,-0.422,-1.497,-2.1,68.32,-71.19
0.018,-0.419,-1.628,-4.48,80.01,-67.83
-0.158,-0.407,-1.838,-7.56,95.41,-57.33
-0.209,-0.43,-1.971,-15.96,113.75,-45.01
-0.256,-0.445,-2.08,-32.9,129.57,-34.02
-0.231,-0.446,-2.067,-60.06,146.37,-23.8
-0.217,-0.474,-2.034,-77.98,162.75,-23.52
-0.182,-0.487,-1.95,-87.15,181.16,-29.05
-0.159,-0.477,-1.819,-91.14,198.38,-35.77
-0.155,-0.445,-1.611,-97.86,218.4,-41.58
-0.147,-0.4,-1.431,-110.11,231.07,-45.43
-0.15,-0.328,-1.289,-129.43,239.12,-46.83
-0.179,-0.288,-1.162,-135.1,246.33,-40.67
-0.189,-0.2,-0.994,-128.24,248.36,-31.64
-0.173,-0.147,-0.885,-126.84,245.98,-22.82
-0.091,-0.144,-0.652,-151.13,242.62,-14.42
-0.08,-0.084,-0.687,-173.95,238.28,-5.67
-0.062,-0.079,-0.657,-180.74,239.33,9.66
-0.041,-0.096,-0.619,-182.63,241.85,19.88
-0.008,-0.122,-0.565,-183.61,244.16,27.16
0.018,-0.123,-0.497,-175.07,246.61,35.21
0.05,-0.158,-0.415,-171.78,248.36,42.56
0.08,-0.172,-0.343,-164.92,250.11,47.6
0.123,-0.163,-0.26,-154.63,250.18,52.92
0.161,-0.142,-0.202,-150.64,249.48,57.82
0.195,-0.113,-0.068,-176.4,245.07,66.22
0.225,-0.046,0.072,-174.72,234.36,74.97
0.224,0.016,0.197,-180.74,219.94,86.17
0.217,0.087,0.308,-185.36,203.14,102.13
0.209,0.146,0.479,-203.42,179.41,125.02
0.213,0.148,0.521,-210.77,156.66,146.44
0.216,0.073,0.494,-204.12,142.66,163.38
0.324,-0.088,0.396,-182.77,142.1,174.02
0.453,-0.234,0.311,-150.78,156.17,180.67
0.59,-0.529,0.376,-133.49,172.06,170.31
0.65,-0.77,0.373,-117.6,183.68,150.57
0.842,-0.831,0.282,-87.36,213.29,123.41
0.888,-0.794,0.215,-70.56,209.23,102.41
0.934,-0.615,0.218,-79.59,213.5,90.51
0.82,-0.459,0.181,-87.15,210.7,85.12
0.721,-0.347,0.185,-89.6,201.11,85.05
0.66,-0.298,0.184,-105.91,191.94,89.6
0.622,-0.285,0.098,-122.57,190.26,92.82
0.568,-0.346,0.023,-127.89,198.38,94.08
0.55,-0.426,0.093,-138.95,209.93,92.4
0.547,-0.493,0.19,-153.02,222.11,86.59
0.527,-0.55,0.329,-154.63,231.77,79.38
0.675,-0.766,1.119,-89.39,109.13,122.15
0.757,-0.875,1.071,-88.62,103.11,114.8
0.781,-0.918,0.981,-81.83,100.45,105.28
0.778,-0.908,0.891,-84.91,99.96,96.88
0.773,-0.886,0.785,-92.12,98.49,90.44
0.747,-0.871,0.684,-94.64,95.97,86.31
0.722,-0.851,0.604,-89.18,92.05,81.97
0.69,-0.858,0.623,-62.65,94.15,79.31
0.71,-0.894,0.577,-38.99,101.22,77.77
0.735,-0.915,0.703,-23.73,106.12,73.64
0.758,-0.929,0.858,-21.77,102.48,68.04
0.772,-0.924,1.051,-22.61,90.3,65.87
0.82,-0.853,1.279,-32.76,58.17,46.41
0.399,-0.695,0.759,-162.05,51.8,47.95
0.866,-1.181,1.377,-176.47,57.33,106.89
0.831,-0.939,1.118,-119.35,41.79,106.96
0.659,-1.005,1.002,-98.28,34.58,98.21
0.872,-0.929,0.929,-99.75,34.02,87.36
0.937,-0.945,0.874,-97.16,34.79,79.94
0.957,-0.975,0.822,-89.67,32.13,74.34
0.906,-1.015,0.815,-94.64,28.21,68.88
0.892,-1.065,0.799,-108.15,22.75,61.6
0.896,-0.987,0.739,-107.03,20.09,53.48
0.857,-1.044,0.649,-92.96,18.48,49.21
0.864,-1.057,0.354,-78.33,17.78,37.73
0.843,-0.976,0.696,-79.24,15.96,35.0
0.793,-1.106,0.333,-42.63,21.21,21.35
0.806,-0.975,0.559,-52.71,23.38,18.34
0.79,-0.903,0.577,-59.22,21.14,17.15
0.74,-0.894,0.593,-60.55,16.45,13.3
0.669,-0.874,0.639,-58.24,9.8,8.54
0.615,-0.821,0.651,-59.64,2.66,7.42
0.657,-0.759,0.66,-76.16,5.53,15.89
0.853,-0.957,0.639,-80.85,0.77,13.79
0.853,-1.074,0.581,-59.43,-8.68,2.66
0.725,-1.047,0.479,-14.91,-12.88,-5.18
0.708,-0.888,0.407,14.42,-11.97,-7.56
0.651,-0.767,0.393,21.0,-8.75,-3.85
0.607,-0.684,0.393,19.95,-10.08,0.28
0.548,-0.626,0.399,16.73,-13.72,3.92
0.519,-0.62,0.42,15.68,-19.04,9.38
0.528,-0.558,0.516,-21.35,-26.46,18.2
0.529,-0.647,0.393,-22.54,-30.1,20.09
0.512,-0.723,0.295,-15.61,-32.69,20.23
0.54,-0.636,0.335,-48.44,-37.24,25.9
0.513,-0.732,0.241,-36.54,-37.45,27.37
0.515,-0.745,0.302,-38.85,-36.54,28.56
0.546,-0.769,0.285,-35.7,-31.01,27.86
0.579,-0.817,0.262,-28.56,-23.1,24.15
0.613,-0.864,0.265,-21.14,-13.86,18.27
0.637,-0.889,0.262,-12.11,-4.48,11.41
0.637,-0.896,0.288,-7.0,-1.82,5.04
0.633,-0.883,0.318,-4.97,-1.75,1.05
0.61,-0.867,0.346,-4.76,-3.43,-0.91
0.592,-0.836,0.339,-2.94,-5.67,-2.1
0.569,-0.795,0.33,-0.98,-6.51,-2.45
0.566,-0.758,0.314,2.1,-6.37,-2.38
0.557,-0.747,0.351,4.69,-7.07,-1.75
0.549,-0.737,0.346,8.4,-8.96,0.07
0.528,-0.722,0.333,16.8,-12.18,3.08
0.535,-0.743,0.347,22.47,-15.19,7.14
0.545,-0.77,0.323,29.33,-16.73,10.43
0.55,-0.804,0.279,42.84,-15.68,11.97
0.581,-0.833,0.293,54.18,-13.16,10.71
0.599,-0.815,0.287,51.45,-11.13,7.49
0.607,-0.811,0.239,48.3,-8.47,3.57
0.601,-0.815,0.247,43.54,-5.04,0.84
0.596,-0.814,0.251,37.45,-1.68,-2.73
0.588,-0.816,0.256,39.27,1.68,-5.32
0.59,-0.813,0.279,38.57,3.99,-7.14
0.59,-0.805,0.309,35.35,5.25,-7.98
0.581,-0.785,0.344,28.84,5.11,-7.98
0.579,-0.768,0.361,21.84,4.76,-8.12
0.579,-0.755,0.353,17.92,4.76,-7.91
0.573,-0.736,0.35,12.81,4.97,-6.51
0.57,-0.731,0.347,6.3,5.04,-4.06
0.564,-0.724,0.353,1.75,4.97,-0.91
0.556,-0.724,0.359,1.33,4.69,2.38
0.565,-0.726,0.378,0.21,3.85,4.27
0.573,-0.731,0.397,2.45,2.03,4.83
0.591,-0.743,0.415,1.96,-0.35,4.48
0.594,-0.755,0.395,1.26,-1.54,3.99
0.593,-0.763,0.385,4.34,-1.68,2.73
0.596,-0.77,0.39,5.32,-2.03,1.47
0.59,-0.772,0.381,4.2,-2.38,0.21
0.59,-0.772,0.358,4.48,-2.31,-2.31
0.589,-0.769,0.348,-1.12,-1.19,-2.66
0.582,-0.771,0.331,-3.43,1.12,-3.78
0.583,-0.775,0.322,-2.8,3.01,-4.76
0.575,-0.773,0.318,-3.01,5.25,-4.76
0.579,-0.759,0.347,-7.77,5.18,-3.85
0.573,-0.744,0.349,-12.46,4.55,-2.45
0.574,-0.741,0.36,-12.39,3.64,-2.24
0.576,-0.738,0.393,-14.14,1.96,-1.54
0.581,-0.734,0.396,-16.87,0.49,-0.35
0.575,-0.738,0.389,-17.85,-0.77,0.28
0.572,-0.738,0.38,-19.95,-2.1,1.12
0.57,-0.752,0.357,-17.57,-2.73,2.1
0.563,-0.767,0.336,-9.17,-1.33,2.24
0.569,-0.78,0.345,-5.46,-0.7,1.47
0.58,-0.787,0.338,-3.64,-0.49,0.14
0.578,-0.786,0.333,-3.85,-0.07,-0.84
0.584,-0.787,0.324,-5.6,0.91,-2.03
0.576,-0.781,0.316,-5.04,1.68,-2.87
0.573,-0.78,0.334,-4.2,2.1,-3.08
0.567,-0.773,0.328,-4.06,2.87,-2.59
0.56,-0.774,0.317,1.61,4.41,-2.52
0.564,-0.773,0.33,9.24,5.04,-3.5
0.573,-0.771,0.358,7.7,4.76,-3.08
0.573,-0.767,0.362,4.76,4.2,-2.66
0.573,-0.756,0.379,3.71,2.45,-2.24
0.577,-0.746,0.399,0.21,0.21,-0.84
0.576,-0.737,0.4,-5.74,-1.33,1.12
0.576,-0.74,0.394,-8.4,-3.29,2.59
0.574,-0.754,0.396,-10.01,-5.46,2.87
0.577,-0.766,0.346,-7.14,-5.6,2.45
0.572,-0.768,0.335,-1.89,-5.04,1.26
0.576,-0.778,0.336,-2.73,-4.55,0.07
0.569,-0.781,0.321,-4.69,-4.2,-0.49
0.831,-1.254,0.535,63.63,41.16,-15.4
0.86,-1.342,0.571,72.59,38.29,-26.32
0.872,-1.428,0.647,79.45,32.83,-39.48
0.878,-1.452,0.729,80.85,23.38,-54.53
0.887,-1.425,0.769,83.3,12.25,-67.69
0.897,-1.372,0.732,91.77,2.94,-77.21
0.88,-1.303,0.699,109.83,0.7,-84.91
0.876,-1.259,0.747,117.95,-2.52,-91.77
0.875,-1.194,0.768,120.4,-6.51,-96.39
0.882,-1.167,0.792,126.77,-12.25,-101.78
0.866,-1.125,0.849,118.44,-20.86,-105.07
0.872,-1.088,0.812,112.07,-27.23,-106.4
0.876,-1.098,0.822,113.82,-30.52,-109.41
0.867,-1.101,0.878,111.23,-35.42,-113.96
0.861,-1.098,0.953,104.51,-44.87,-118.09
0.854,-1.104,0.955,103.04,-54.95,-122.57
0.847,-1.105,0.959,101.92,-63.7,-128.73
0.843,-1.072,0.988,98.49,-74.2,-134.33
0.806,-1.042,0.963,100.31,-85.68,-138.95
0.783,-1.037,0.914,110.81,-92.26,-147.0
0.938,-0.935,0.968,130.34,-112.14,-165.48
1.295,-0.411,0.839,110.81,-121.59,-145.95
0.902,-0.429,0.044,137.9,-84.91,-131.04
0.97,-0.573,0.705,130.97,-83.58,-129.01
0.985,-0.69,0.744,111.93,-95.06,-126.91
0.877,-0.735,0.755,101.01,-104.37,-126.56
0.836,-0.745,0.894,75.6,-113.26,-125.79
0.654,-0.843,1.053,77.91,-118.86,-133.07
0.587,-0.852,1.203,69.3,-141.47,-140.63
0.553,-0.725,1.142,67.34,-157.15,-142.73
0.475,-0.676,0.965,82.18,-163.17,-142.94
0.422,-0.663,0.849,103.39,-162.19,-143.15
0.415,-0.658,0.83,122.71,-161.84,-143.43
0.411,-0.509,0.87,132.93,-167.51,-145.39
0.405,-0.591,0.895,132.23,-177.87,-147.0
0.43,-0.524,0.782,134.33,-185.71,-148.82
0.453,-0.464,0.732,133.63,-194.04,-150.36
0.497,-0.431,0.522,127.82,-179.97,-149.59
0.481,-0.398,0.41,137.83,-187.25,-147.42
0.497,-0.403,0.558,133.7,-191.38,-149.73
0.501,-0.459,0.562,119.63,-203.21,-157.99
0.457,-0.461,0.454,115.29,-211.96,-167.16
0.405,-0.421,0.439,107.24,-217.98,-171.64
0.386,-0.298,0.219,120.96,-212.17,-168.0
0.381,-0.29,0.185,134.54,-199.29,-163.59
0.36,-0.329,0.203,143.29,-187.6,-160.65
0.328,-0.328,0.201,160.93,-176.89,-159.39
0.299,-0.286,0.376,161.21,-178.01,-157.22
0.282,-0.242,0.36,158.83,-182.28,-153.72
0.328,-0.328,0.201,160.93,-176.89,-159.39
0.299,-0.286,0.376,161.21,-178.01,-157.22
0.282,-0.242,0.36,158.83,-182.28,-153.72
0.283,-0.2,0.292,170.52,-178.92,-150.29
0.262,-0.208,0.457,170.31,-187.81,-148.61
0.248,-0.204,0.47,168.28,-202.79,-148.33
0.24,-0.177,0.45,170.87,-216.3,-147.98
0.203,-0.151,0.381,171.92,-226.66,-149.31
0.133,-0.148,0.326,173.25,-238.21,-149.31
0.081,-0.065,0.211,173.74,-246.96,-144.41
0.085,-0.004,0.121,173.39,-253.68,-139.23
0.014,-0.09,0.16,158.55,-270.41,-140.63
-0.033,-0.108,-0.101,142.66,-291.41,-143.22
-0.112,-0.041,-0.359,142.17,-291.06,-139.23
-0.216,-0.107,-0.565,150.57,-282.45,-133.07
-0.322,-0.198,-0.683,164.99,-272.58,-133.21
-0.394,-0.192,-0.778,163.66,-267.68,-134.89
-0.427,-0.195,-0.928,162.96,-264.18,-138.46
-0.441,-0.144,-1.14,154.42,-260.82,-141.12
-0.44,-0.06,-1.246,144.97,-258.79,-142.45
-0.473,0.002,-1.363,131.32,-256.76,-138.67
-0.506,0.155,-1.421,122.36,-254.1,-130.13
-0.567,0.144,-1.43,108.99,-256.27,-124.11
-0.704,0.031,-1.456,96.67,-261.73,-128.94
-1.227,-0.246,-1.365,55.09,-299.81,-147.35
-1.71,-0.553,-1.545,26.39,-337.96,-175.98
-1.811,-0.749,-1.926,4.34,-355.88,-208.53
-1.595,-0.304,-2.263,-51.45,-342.02,-212.31
-1.278,0.529,-3.45,11.48,-281.26,-162.68
-0.737,1.378,-3.982,29.61,-204.4,-91.63
-0.078,1.969,-4.235,18.55,-117.46,-30.66
0.368,1.974,-3.999,36.26,32.2,14.63
0.234,1.542,-3.098,29.68,119.7,41.86
-0.074,0.774,-1.961,0.77,157.85,42.63
-0.161,0.348,-1.063,-27.44,158.27,35.49
-0.137,0.247,-0.391,-30.52,130.97,31.85
-0.104,0.142,-0.095,-29.47,93.24,26.46
0.002,0.107,0.045,-29.12,53.55,19.18
0.197,0.156,-0.017,-26.25,18.9,11.83
0.34,0.197,-0.186,-21.84,-2.52,7.21
0.387,0.163,-0.436,-13.86,-12.74,0.42
0.397,0.149,-0.612,-12.95,-17.85,-8.05
0.405,0.16,-0.859,-9.38,-18.34,-17.85
0.36,0.189,-1.088,-1.26,-12.67,-23.94
0.295,0.266,-1.346,-2.52,-1.68,-24.57
0.199,0.325,-1.392,-5.67,7.56,-21.84
0.14,0.36,-1.475,-7.56,18.06,-17.36
0.092,0.359,-1.529,-10.01,30.31,-13.51
0.033,0.351,-1.557,-11.62,42.28,-9.45
-0.025,0.33,-1.556,-14.77,52.36,-6.93
-0.081,0.337,-1.555,-21.49,60.97,-6.37
-0.126,0.377,-1.581,-28.63,69.3,-4.34
-0.178,0.423,-1.624,-34.44,78.68,-0.07
-0.215,0.493,-1.65,-41.79,93.1,8.26
-0.23,0.542,-1.642,-49.56,103.74,18.55
-0.232,0.552,-1.621,-55.79,114.17,28.98
-0.212,0.521,-1.609,-58.17,125.93,36.96
-0.209,0.486,-1.497,-62.65,135.94,43.26
-0.2,0.454,-1.447,-78.96,143.92,51.24
-0.171,0.437,-1.327,-79.52,151.62,58.59
-0.14,0.393,-1.239,-84.7,159.46,63.84
-0.131,0.341,-1.182,-85.33,167.86,67.34
-0.116,0.307,-1.097,-86.03,173.95,71.19
-0.081,0.305,-1.005,-89.95,178.5,76.51
-0.054,0.296,-0.935,-92.54,183.61,82.88
-0.029,0.267,-0.818,-94.5,185.43,88.13
-0.004,0.258,-0.709,-94.85,184.31,94.01
0.004,0.25,-0.611,-101.78,180.74,100.31
0.033,0.248,-0.547,-107.24,174.93,105.84
0.074,0.225,-0.505,-111.09,167.44,108.71
0.117,0.214,-0.529,-116.76,163.1,109.69
0.155,0.205,-0.574,-119.07,163.87,111.02
0.195,0.35,-0.619,-118.86,168.56,116.34
1.002,-0.73,0.977,-77.0,122.01,88.2
0.996,-0.727,0.905,-77.63,116.06,80.57
0.943,-0.702,0.917,-73.22,109.13,76.09
0.913,-0.644,0.929,-66.78,101.57,74.06
0.942,-0.593,0.955,-63.21,93.45,72.59
0.995,-0.638,0.99,-57.12,87.43,69.3
1.026,-0.708,1.057,-51.94,82.88,65.31
1.078,-0.751,1.151,-42.28,79.31,62.37
1.098,-0.763,1.234,-40.53,72.8,57.4
1.115,-0.781,1.339,-44.38,59.85,52.22
1.088,-0.784,1.276,-50.89,45.85,43.54
1.071,-0.732,1.181,-59.22,34.51,40.18
1.056,-0.683,1.063,-63.63,25.83,39.27
1.008,-0.687,0.989,-70.14,16.52,37.52
0.956,-0.694,0.856,-68.6,8.4,34.86
0.936,-0.682,0.755,-73.36,-0.14,36.54
0.837,-0.652,0.636,-100.87,-2.24,27.37
0.9,-0.692,0.587,-69.86,14.21,24.15
0.917,-0.607,0.399,-91.07,21.84,21.91
0.839,-0.582,0.378,-69.23,30.31,16.87
0.818,-0.541,0.332,-65.45,37.24,12.39
0.754,-0.476,0.333,-48.58,44.73,12.46
0.715,-0.458,0.42,-49.91,48.86,13.72
0.666,-0.439,0.504,-51.1,48.3,13.51
0.644,-0.466,0.661,-57.05,39.76,13.37
0.6,-0.465,0.716,-88.41,28.28,13.16
0.588,-0.438,0.686,-89.04,17.99,13.65
0.61,-0.385,0.738,-115.99,5.6,17.08
0.615,-0.361,0.583,-120.33,-1.4,20.09
0.619,-0.386,0.547,-119.77,-4.2,23.31
0.653,-0.394,0.617,-132.51,-9.87,27.72
0.691,-0.402,0.485,-131.39,-11.55,31.29
0.705,-0.438,0.447,-132.51,-9.87,36.82
0.735,-0.489,0.447,-128.24,-4.48,40.95
0.748,-0.553,0.454,-123.55,-1.89,41.72
0.757,-0.63,0.383,-105.28,1.12,40.04
0.77,-0.648,0.325,-69.79,7.14,41.02
0.818,-0.66,0.414,-42.14,12.88,45.15
0.878,-0.673,0.496,-41.58,17.64,51.17
0.879,-0.757,0.49,-38.92,23.94,51.1
0.837,-0.89,0.614,-36.26,22.89,43.82
0.787,-0.997,0.723,-31.57,18.55,51.94
0.946,-0.944,0.5,-5.04,53.55,49.7
1.044,-1.281,0.38,65.8,86.8,25.9
0.657,-1.247,1.018,35.63,67.76,-6.02
0.549,-0.935,1.086,6.37,25.41,-20.79
0.621,-0.611,0.768,-6.44,-3.01,-17.22
0.642,-0.554,0.524,-1.75,-10.92,-10.99
0.607,-0.524,0.413,0.63,-6.09,-3.99
0.637,-0.501,0.388,4.06,-0.56,2.94
0.647,-0.512,0.398,2.8,2.73,7.07
0.628,-0.526,0.392,3.99,6.72,10.85
0.643,-0.552,0.388,5.25,11.2,14.0
0.652,-0.588,0.391,9.24,15.75,16.1
0.653,-0.627,0.415,10.99,19.18,16.59
0.651,-0.651,0.436,11.48,20.93,15.26
0.658,-0.674,0.476,9.73,20.37,13.44
0.656,-0.694,0.484,7.07,19.32,10.43
0.649,-0.698,0.503,6.93,17.78,7.49
0.651,-0.691,0.563,7.49,14.35,4.62
0.637,-0.711,0.607,3.01,8.47,0.91
0.625,-0.699,0.615,1.75,2.03,-1.68
0.619,-0.675,0.618,-0.42,-3.92,-3.15
0.61,-0.646,0.581,-1.54,-7.21,-3.57
0.612,-0.607,0.555,0.14,-8.82,-2.31
0.612,-0.596,0.539,-1.89,-10.64,-0.98
0.615,-0.592,0.498,-3.01,-10.22,0.7
0.628,-0.591,0.46,-0.84,-7.7,2.03
0.63,-0.607,0.456,0.21,-5.67,2.94
0.63,-0.625,0.458,0.56,-4.76,3.15
0.628,-0.645,0.461,1.68,-3.64,3.5
0.631,-0.652,0.478,2.66,-3.29,3.43
0.629,-0.659,0.49,2.87,-3.43,2.94
0.629,-0.652,0.484,2.87,-3.36,2.73
0.634,-0.641,0.483,2.8,-3.5,3.29
0.631,-0.644,0.485,4.55,-3.99,3.08
0.626,-0.646,0.508,5.88,-4.83,3.15
0.628,-0.636,0.525,3.64,-6.79,3.57
0.629,-0.627,0.513,0.98,-8.4,4.13
0.629,-0.639,0.5,-0.56,-9.03,4.13
0.631,-0.645,0.477,-0.7,-9.17,3.92
0.633,-0.641,0.463,-1.33,-8.96,3.64
0.637,-0.638,0.437,-0.63,-8.05,3.78
0.638,-0.642,0.42,0.14,-5.88,3.78
0.639,-0.64,0.422,1.89,-3.36,3.29
0.641,-0.641,0.425,2.8,-1.33,2.94
0.64,-0.65,0.427,3.29,0.77,2.87
0.638,-0.652,0.422,4.48,3.43,3.92
0.632,-0.644,0.431,7.0,5.74,4.83
0.634,-0.642,0.451,7.07,6.37,4.55
0.635,-0.642,0.465,5.81,6.65,4.48
0.63,-0.639,0.444,7.49,8.47,4.83
0.628,-0.645,0.452,9.1,10.08,4.83
0.63,-0.642,0.47,10.64,10.78,4.41
0.629,-0.636,0.495,11.2,11.06,3.5
0.622,-0.639,0.517,9.45,10.36,2.8
0.622,-0.634,0.545,4.34,8.47,2.45
0.624,-0.647,0.528,4.41,6.65,0.84
0.61,-0.657,0.531,6.23,5.32,0.35
0.617,-0.639,0.533,4.13,3.5,0.56
0.617,-0.63,0.531,2.94,2.24,0.98
0.614,-0.627,0.516,2.87,1.68,1.68
0.614,-0.64,0.523,1.26,0.63,1.68
0.617,-0.64,0.506,0.63,0.21,1.33
0.62,-0.655,0.477,2.31,0.63,0.98
0.619,-0.665,0.479,3.85,1.4,0.7
0.617,-0.649,0.476,4.9,2.17,0.91
0.615,-0.629,0.483,5.11,2.45,2.1
0.619,-0.629,0.483,6.09,2.45,3.57
0.613,-0.636,0.49,7.0,3.15,4.48
0.613,-0.637,0.509,5.39,2.94,4.55
0.616,-0.633,0.507,4.06,2.38,4.41
0.614,-0.635,0.507,2.52,2.1,3.85
0.614,-0.647,0.503,1.61,2.1,3.22
0.613,-0.646,0.513,1.26,1.68,2.66
0.61,-0.642,0.516,0.49,1.12,2.03
0.609,-0.645,0.509,0.42,1.19,1.54
0.606,-0.646,0.513,0.21,1.12,1.68
0.605,-0.642,0.506,0.7,1.12,1.61
0.845,-1.204,0.736,81.13,-4.9,18.34
0.886,-1.306,0.817,62.3,-5.04,4.48
0.915,-1.296,0.751,67.55,-4.69,-8.75
0.987,-1.263,0.759,81.97,-10.92,-15.89
0.914,-1.358,0.761,103.6,-13.02,-27.58
0.903,-1.281,0.86,83.09,-24.71,-36.26
0.935,-1.343,0.804,81.97,-31.36,-45.22
0.926,-1.327,0.787,85.61,-33.74,-55.86
0.87,-1.2,0.828,94.15,-36.05,-56.0
0.8,-1.056,0.878,105.28,-39.2,-48.02
0.773,-0.982,0.971,105.42,-43.05,-42.35
0.746,-1.081,0.988,110.81,-47.95,-44.66
0.787,-1.032,1.205,112.42,-68.18,-46.2
0.784,-1.128,1.304,86.03,-87.22,-53.13
0.751,-1.148,1.355,80.78,-108.57,-60.34
0.746,-1.136,1.3,83.23,-129.01,-65.03
0.723,-1.162,1.184,105.21,-144.55,-69.79
0.698,-1.24,1.121,106.61,-153.65,-75.67
0.708,-1.206,1.005,112.98,-158.06,-85.47
0.727,-1.206,0.921,110.88,-160.37,-99.05
0.645,-1.466,-0.117,55.16,-136.71,-125.44
0.665,-0.64,1.622,86.8,-184.52,-101.08
0.544,-1.009,0.527,103.74,-173.81,-104.86
0.596,-0.876,0.9,115.29,-181.09,-102.27
0.543,-1.06,0.49,47.6,-134.05,-123.9
0.522,-0.796,1.537,19.81,-145.04,-133.91
0.538,-0.935,0.69,-10.01,-122.85,-140.07
0.536,-0.654,1.09,-64.68,-113.12,-122.57
0.607,-0.651,-0.396,74.97,-52.85,-124.81
0.634,-0.926,0.929,116.27,-60.76,-133.91
0.444,-1.108,1.367,112.56,-97.23,-153.37
0.424,-0.991,1.776,182.63,-158.83,-165.06
0.358,-0.773,1.282,91.98,-192.92,-162.54
0.259,-0.751,0.58,118.02,-183.12,-169.47
0.244,-0.778,0.785,128.94,-187.67,-176.89
0.217,-0.555,0.778,113.19,-197.96,-177.38
0.186,-0.661,0.566,114.17,-199.57,-184.1
0.178,-0.394,0.436,132.72,-196.28,-180.11
0.082,-0.397,0.535,128.1,-202.93,-178.5
0.053,-0.371,0.422,114.17,-207.06,-179.97
0.067,-0.361,0.233,117.81,-202.65,-183.12
0.012,-0.322,0.229,129.01,-199.08,-184.17
0.04,-0.303,0.179,135.24,-194.39,-175.28
0.06,-0.134,0.102,150.15,-184.52,-161.98
0.067,-0.199,0.266,154.0,-184.59,-156.1
0.113,-0.243,0.279,147.49,-193.34,-157.08
0.133,-0.369,0.175,145.81,-199.22,-167.72
0.125,-0.224,0.117,145.53,-205.1,-171.78
0.098,-0.135,0.028,145.95,-210.14,-167.02
0.091,-0.051,-0.102,141.19,-209.23,-161.84
0.033,0.033,-0.182,146.79,-205.52,-151.76
0.061,0.102,-0.015,133.98,-215.39,-143.22
0.12,-0.058,-0.18,127.96,-216.37,-147.07
0.142,-0.091,-0.05,128.59,-224.98,-154.98
0.137,-0.123,-0.139,120.4,-234.01,-161.56
0.099,-0.136,-0.443,127.19,-227.57,-176.4
0.087,-0.081,-0.442,132.86,-226.03,-181.09
0.035,-0.028,-0.665,142.45,-217.98,-182.42
-0.044,0.007,-0.616,145.04,-214.97,-182.14
-0.091,-0.071,-0.546,142.59,-222.67,-185.92
-0.121,-0.107,-0.567,136.43,-242.2,-192.22
-0.171,-0.153,-0.727,132.37,-256.55,-202.37
-0.247,-0.267,-0.814,126.49,-275.31,-220.43
-0.338,-0.236,-1.063,113.75,-290.29,-244.86
-0.435,-0.29,-1.286,99.75,-303.87,-271.95
-0.612,-0.348,-1.557,79.17,-314.02,-315.42
-0.937,-0.536,-1.721,32.69,-341.11,-376.74
-1.631,-0.648,-2.038,-7.28,-359.66,-432.81
-1.872,-0.526,-2.46,-28.35,-345.52,-459.06
-1.714,0.645,-3.411,53.27,-268.94,-364.0
-1.204,2.931,-4.374,94.92,-133.28,-145.53
-0.538,4.158,-4.09,110.46,-40.88,33.25
-0.353,2.821,-2.836,-33.53,-13.93,51.87
0.33,2.19,-3.483,-20.51,18.2,45.36
0.193,2.073,-2.734,-50.61,63.56,69.86
-0.053,1.478,-2.258,-2.31,113.47,93.38
-0.194,1.186,-1.018,-12.88,100.03,128.66
-0.184,0.457,-0.929,-5.95,102.41,127.19
-0.086,-0.19,-0.176,-5.6,85.54,93.1
0.135,-0.278,-0.002,-17.29,62.16,50.4
0.291,-0.138,0.064,-4.97,40.53,31.08
0.428,0.064,0.181,-14.91,16.31,23.59
0.596,0.172,-0.188,2.17,10.85,12.53
0.639,0.143,-0.378,28.63,19.25,2.87
0.759,0.201,-0.398,33.04,17.15,-4.41
0.789,0.398,-0.258,21.14,3.15,-12.39
0.641,0.302,-0.615,38.57,12.11,-16.59
0.64,0.483,-0.462,22.82,-0.07,-15.68
0.496,0.391,-0.385,24.57,-15.75,-13.72
0.453,0.463,-0.754,3.36,-10.36,-11.69
0.37,0.471,-0.799,-4.69,-16.03,-8.26
0.323,0.497,-0.995,-0.84,-14.21,-4.55
0.302,0.597,-1.037,-13.93,-12.11,-0.91
0.292,0.533,-1.151,-22.68,-12.18,0.0
0.252,0.545,-1.311,-30.52,-3.92,1.47
0.244,0.601,-1.396,-38.01,7.0,4.97
0.204,0.629,-1.482,-31.01,19.53,9.52
0.169,0.671,-1.45,-33.67,30.24,16.03
0.144,0.684,-1.48,-35.0,41.58,22.54
0.135,0.692,-1.444,-41.02,54.6,30.03
0.117,0.671,-1.362,-49.56,60.97,35.91
0.106,0.646,-1.302,-56.98,66.22,41.09
0.123,0.633,-1.285,-64.54,72.87,46.2
0.133,0.604,-1.269,-66.5,81.41,49.77
0.135,0.573,-1.191,-67.97,88.55,52.57
0.144,0.555,-1.146,-72.03,94.57,55.09
0.155,0.533,-1.096,-70.98,100.52,57.75
0.166,0.517,-1.05,-71.68,106.61,62.09
0.173,0.514,-0.991,-72.31,111.79,65.1
0.197,0.517,-0.942,-74.83,116.55,68.46
0.194,0.529,-0.905,-76.16,121.31,75.11
0.18,0.516,-0.809,-76.23,124.6,81.41
0.179,0.499,-0.705,-77.49,125.09,86.87
0.18,0.483,-0.622,-78.4,122.71,91.7
0.184,0.462,-0.532,-76.16,116.83,94.92
0.199,0.485,-0.47,-72.24,110.46,101.29
0.272,0.372,-0.302,-113.82,93.17,96.81
0.343,0.446,-0.673,-103.74,96.67,95.06
0.421,0.548,-0.701,-111.58,101.85,104.51
0.887,-0.791,0.864,-55.79,120.96,77.35
0.876,-0.769,0.927,-54.25,116.48,70.35
0.843,-0.744,0.993,-58.31,104.93,64.54
0.818,-0.715,0.991,-62.72,91.91,60.41
0.823,-0.672,1.0,-67.2,79.87,58.1
0.833,-0.668,1.013,-70.84,69.09,57.54
0.862,-0.672,0.971,-69.72,65.73,59.08
0.903,-0.686,1.01,-52.57,67.55,60.41
0.941,-0.77,1.171,-39.06,59.5,69.16
0.864,-0.945,1.896,-167.23,36.4,54.53
1.074,-0.859,1.065,-105.28,44.17,51.03
1.045,-0.95,1.631,-128.94,22.12,44.31
0.978,-1.01,1.418,-123.69,4.55,32.97
0.998,-0.929,1.428,-123.48,-15.33,27.3
0.979,-0.876,1.085,-119.42,-31.5,21.35
0.913,-0.852,1.004,-113.4,-38.01,15.12
0.91,-0.767,0.95,-115.57,-44.24,13.09
0.85,-0.732,0.599,-106.26,-37.1,6.79
0.8,-0.666,0.574,-78.96,-28.07,4.55
0.787,-0.603,0.549,-72.17,-24.29,4.06
0.695,-0.564,0.508,-69.93,-19.46,2.45
0.66,-0.485,0.466,-73.5,-15.19,1.4
0.629,-0.428,0.441,-75.74,-12.04,1.19
0.579,-0.374,0.418,-82.88,-11.76,2.73
0.553,-0.309,0.378,-88.27,-11.41,6.02
0.538,-0.254,0.389,-105.84,-14.21,11.55
0.531,-0.209,0.312,-117.18,-12.32,18.83
0.545,-0.209,0.337,-134.54,-9.94,24.78
0.574,-0.217,0.312,-137.69,-6.65,31.64
0.612,-0.255,0.369,-134.75,-2.1,37.87
0.655,-0.357,0.328,-106.96,7.77,44.31
0.723,-0.426,0.442,-72.73,8.89,60.83
0.963,-0.436,0.812,-67.13,-0.07,105.77
1.115,-0.817,0.722,-52.43,-4.48,75.32
0.987,-1.704,0.851,-43.61,-12.67,35.0
0.926,-1.69,1.047,-50.89,-9.59,27.44
1.315,-1.7,0.462,26.39,10.92,-7.42
0.787,-1.568,0.979,5.18,-8.12,-49.07
0.44,-0.962,0.749,-29.75,-34.79,-52.29
0.746,-0.282,0.203,-17.22,-29.26,-27.65
0.573,-0.005,0.059,-4.41,-10.22,-0.63
0.604,-0.124,0.101,3.15,-0.28,16.73
0.702,-0.413,0.082,3.85,11.76,24.92
0.809,-0.672,0.118,12.32,24.5,25.06
0.822,-0.876,0.245,17.36,31.29,14.49
0.753,-0.971,0.366,16.31,31.57,0.42
0.698,-0.861,0.405,15.75,29.82,-7.63
0.655,-0.654,0.416,16.17,27.37,-7.28
0.623,-0.596,0.424,16.73,25.76,-4.34
0.627,-0.586,0.446,17.01,25.41,-0.49
0.639,-0.594,0.497,16.87,23.17,3.22
0.648,-0.613,0.528,13.02,18.9,5.04
0.65,-0.647,0.513,10.57,15.82,3.99
0.657,-0.663,0.498,7.14,13.72,2.31
0.656,-0.648,0.48,4.69,11.55,1.54
0.646,-0.625,0.476,1.05,9.87,1.19
0.638,-0.62,0.468,0.21,9.31,0.98
0.634,-0.621,0.48,0.56,8.4,0.84
0.636,-0.629,0.505,0.84,6.44,0.42
0.643,-0.643,0.524,-1.12,3.29,-1.12
0.644,-0.652,0.53,-2.94,0.35,-2.66
0.647,-0.639,0.515,-3.85,-2.1,-3.29
0.643,-0.63,0.494,-2.8,-3.78,-2.8
0.633,-0.62,0.501,-1.89,-6.65,-1.05
0.65,-0.625,0.519,-2.52,-9.31,-0.42
0.651,-0.645,0.518,-3.92,-12.67,-0.98
0.648,-0.644,0.518,-5.46,-15.68,-1.68
0.655,-0.641,0.497,-8.12,-17.85,-1.96
0.655,-0.629,0.464,-8.26,-18.48,-1.89
0.666,-0.628,0.443,-8.75,-18.2,-2.03
0.675,-0.629,0.41,-8.26,-16.66,-1.54
0.677,-0.639,0.384,-6.44,-14.35,-1.19
0.681,-0.635,0.377,-5.11,-10.92,-0.91
0.679,-0.633,0.377,-3.15,-8.68,-0.49
0.674,-0.644,0.383,-1.47,-6.86,-0.49
0.675,-0.642,0.385,-0.84,-5.32,-0.07
0.676,-0.638,0.384,-0.07,-3.5,0.42
0.676,-0.631,0.378,0.84,-2.1,1.75
0.671,-0.641,0.373,2.87,-0.35,2.59
0.671,-0.661,0.38,4.41,1.4,2.24
0.672,-0.666,0.384,6.02,3.01,2.1
0.663,-0.662,0.42,5.67,2.59,2.59
0.661,-0.659,0.436,4.13,1.89,1.96
0.658,-0.65,0.441,3.57,1.75,1.68
0.66,-0.64,0.448,2.52,1.26,2.52
0.659,-0.632,0.438,1.96,1.33,2.8
0.658,-0.645,0.44,1.96,1.54,2.52
0.659,-0.651,0.44,1.33,1.19,2.1
0.662,-0.653,0.43,0.91,1.05,1.54
0.664,-0.654,0.421,1.4,1.47,0.91
0.664,-0.651,0.419,1.4,1.82,0.7
0.662,-0.653,0.415,1.82,2.24,0.14
0.664,-0.655,0.42,2.31,2.8,-0.21
0.662,-0.651,0.424,2.45,2.73,-0.28
0.659,-0.648,0.427,2.17,2.87,-0.35
0.656,-0.648,0.426,2.1,3.29,-0.07
0.657,-0.647,0.428,3.64,4.41,0.28
0.658,-0.649,0.441,4.13,4.27,0.35
0.658,-0.65,0.43,3.71,3.92,0.28
0.663,-0.651,0.427,3.43,3.78,0.42
0.662,-0.649,0.422,3.78,4.27,0.63
0.659,-0.648,0.428,4.2,4.62,1.33
0.655,-0.651,0.444,4.34,4.34,1.54
0.653,-0.651,0.451,4.83,4.27,1.33
0.651,-0.647,0.46,3.85,3.43,1.12
0.653,-0.648,0.451,2.59,2.8,0.77
0.655,-0.646,0.435,2.03,2.94,0.63
0.659,-0.647,0.428,2.1,3.57,0.21
0.653,-0.647,0.43,2.45,4.13,0.49
0.652,-0.645,0.443,2.03,3.78,0.84
0.647,-0.652,0.439,2.1,3.78,0.28
0.645,-0.658,0.455,3.15,3.01,-0.28
0.648,-0.658,0.467,2.03,1.89,-1.05
0.649,-0.659,0.469,1.54,0.63,-1.54
0.648,-0.656,0.465,0.56,-0.49,-2.24
0.65,-0.649,0.458,-0.14,-0.91,-1.89
0.644,-0.636,0.458,0.0,-1.47,-1.19
0.644,-0.642,0.462,-0.21,-2.1,-0.84
0.648,-0.654,0.458,0.07,-2.59,-1.12
0.837,-1.128,0.621,-6.3,-39.55,-22.26
0.929,-1.145,0.549,17.57,-31.64,-27.44
1.026,-1.135,0.487,49.07,-12.67,-27.37
1.09,-1.196,0.451,88.48,5.95,-29.33
1.12,-1.311,0.563,129.08,17.78,-37.73
1.11,-1.365,0.649,157.29,25.2,-45.43
1.099,-1.366,0.796,177.73,24.99,-52.57
1.096,-1.38,0.971,164.57,16.8,-63.07
1.053,-1.348,0.881,149.66,11.9,-71.89
1.019,-1.364,0.892,163.03,10.85,-79.17
1.01,-1.117,1.053,136.5,3.5,-77.14
0.971,-1.209,1.065,139.37,-1.96,-82.25
0.915,-1.211,1.195,142.59,-13.02,-84.0
0.881,-1.172,1.279,153.23,-27.09,-84.28
0.862,-1.142,1.428,158.27,-48.93,-84.07
0.833,-1.153,1.487,157.43,-74.13,-87.08
0.826,-1.163,1.505,150.64,-109.2,-91.14
0.807,-1.144,1.451,146.44,-131.6,-93.38
0.82,-1.176,1.382,143.99,-149.17,-95.48
0.851,-1.247,1.279,146.51,-159.04,-99.61
0.863,-1.33,1.194,156.8,-163.31,-106.75
0.859,-1.419,1.137,165.97,-164.5,-121.31
0.853,-1.433,1.081,172.83,-163.94,-133.14
0.788,-1.39,1.068,179.34,-166.04,-141.26
0.678,-1.289,1.005,191.38,-167.02,-144.2
0.604,-1.212,1.018,205.59,-166.74,-146.23
0.534,-1.194,1.155,208.81,-174.65,-149.87
0.395,-1.125,1.215,203.49,-192.15,-150.29
0.313,-1.047,1.179,194.04,-203.84,-149.94
0.284,-1.073,1.137,184.45,-214.97,-153.79
0.221,-1.031,1.092,173.04,-225.05,-156.66
0.218,-1.063,0.946,157.36,-228.76,-165.76
0.221,-1.09,0.76,149.1,-223.44,-185.85
0.181,-1.106,0.736,149.73,-219.03,-200.2
0.077,-1.061,0.647,143.01,-212.1,-213.71
-0.003,-1.08,0.495,157.64,-199.36,-227.85
-0.173,-1.01,0.328,193.97,-182.77,-241.99
-0.35,-0.923,0.546,213.92,-188.44,-248.57
-0.485,-0.682,0.228,228.9,-186.27,-245.56
-0.563,-0.454,0.209,249.06,-188.79,-235.41
-0.627,-0.374,0.104,251.37,-196.28,-231.07
-0.558,-0.177,-0.117,251.44,-196.49,-220.99
-0.532,-0.032,-0.137,238.0,-198.1,-210.63
-0.502,-0.008,-0.116,222.6,-208.88,-205.17
-0.4,0.106,-0.304,208.04,-215.53,-197.33
-0.356,0.141,-0.345,203.49,-217.28,-189.07
-0.354,0.096,-0.374,196.42,-220.85,-184.59
-0.264,0.057,-0.605,197.4,-212.45,-180.04
-0.27,0.069,-0.603,205.03,-207.83,-178.99
-0.207,-0.021,-0.511,203.21,-214.48,-183.96
-0.205,-0.163,-0.622,195.09,-218.82,-195.16
-0.219,-0.102,-0.761,203.98,-218.33,-200.48
-0.238,-0.138,-0.812,208.46,-221.41,-205.52
-0.277,-0.246,-0.916,220.71,-222.25,-217.0
-0.304,-0.362,-0.912,223.02,-228.55,-241.29
-0.342,-0.415,-1.043,223.58,-234.99,-265.65
-0.419,-0.531,-1.017,215.39,-248.57,-295.33
-0.586,-0.506,-1.305,206.15,-259.28,-314.51
-0.718,-0.323,-1.531,213.57,-255.29,-313.18
-0.907,-0.025,-2.121,229.46,-232.33,-284.2
-1.186,0.274,-2.676,230.3,-209.23,-240.73
-1.525,0.84,-3.31,171.78,-196.14,-193.13
-1.646,1.703,-3.832,111.02,-191.59,-138.32
-1.433,2.262,-4.386,30.73,-178.01,-90.37
-0.816,3.067,-5.031,-23.73,-94.01,-11.69
-0.433,3.425,-4.822,-43.61,-0.28,87.71
-0.201,2.518,-3.929,-43.68,80.64,140.56
-0.074,1.261,-2.494,-30.03,128.66,143.99
0.019,0.116,-1.113,-43.89,136.15,118.93
0.085,-0.616,-0.198,-18.13,120.47,75.46
0.232,-0.582,0.497,-7.7,88.9,45.5
0.418,-0.302,0.865,-17.92,53.13,31.85
0.599,-0.066,0.715,-15.12,26.81,23.17
0.727,0.166,0.501,-14.91,6.16,18.2
0.791,0.392,0.218,-15.89,-7.28,17.15
0.818,0.501,0.013,-20.72,-17.57,15.19
0.801,0.481,-0.162,-23.45,-25.2,8.61
0.698,0.456,-0.483,-26.04,-31.22,1.82
0.6,0.487,-0.665,-26.11,-28.49,-1.26
0.504,0.517,-0.84,-23.31,-23.1,-2.38
0.413,0.535,-1.013,-20.16,-15.61,-3.15
0.344,0.585,-1.141,-20.09,-8.54,-1.54
0.268,0.656,-1.262,-16.45,-1.26,2.45
0.204,0.721,-1.325,-19.32,4.9,8.12
0.164,0.741,-1.395,-24.5,10.71,14.14
0.146,0.752,-1.452,-29.89,17.22,19.39
0.131,0.764,-1.503,-36.54,26.67,26.53
0.122,0.779,-1.532,-40.74,39.55,35.49
0.114,0.764,-1.383,-43.54,57.4,42.91
0.129,0.707,-1.402,-49.07,67.48,47.74
0.142,0.692,-1.326,-56.14,75.88,52.64
0.155,0.686,-1.233,-63.63,81.69,57.68
0.158,0.659,-1.128,-68.53,84.84,62.65
0.157,0.634,-1.037,-74.27,85.68,67.48
0.155,0.602,-0.957,-77.98,85.54,71.75
0.172,0.563,-0.86,-81.48,82.25,74.48
0.189,0.532,-0.853,-84.28,80.85,77.28
0.221,0.525,-0.833,-86.38,80.78,80.43
0.252,0.509,-0.832,-86.1,82.39,82.11
0.292,0.378,-0.819,-85.33,86.1,83.16
0.33,0.475,-0.814,-85.82,91.07,82.32
0.365,0.468,-0.821,-79.66,97.93,81.83
0.369,0.485,-0.795,-75.95,107.24,83.44
0.37,0.47,-0.659,-78.82,108.57,82.95
0.376,0.471,-0.589,-76.65,109.2,84.49
0.391,0.464,-0.512,-82.67,106.54,86.24
0.4,0.462,-0.492,-85.19,104.09,87.99
0.421,0.47,-0.481,-87.22,101.78,91.28
0.441,0.454,-0.462,-88.06,100.31,93.24
0.462,0.431,-0.431,-90.02,99.05,94.29
0.487,0.439,-0.418,-92.4,98.21,96.25
0.507,0.418,-0.411,-94.57,97.65,96.6
0.538,0.383,-0.429,-98.77,98.28,95.06
0.573,0.393,-0.448,-103.67,101.57,94.71
0.597,0.381,-0.474,-106.68,107.38,94.01
0.61,0.351,-0.479,-107.66,114.73,93.87
0.613,0.322,-0.421,-104.44,121.94,92.75
0.613,0.273,-0.349,-103.53,126.49,90.3
0.604,0.272,-0.293,-99.82,129.43,90.09
0.761,-0.701,1.093,-70.63,60.9,71.68
0.836,-0.685,1.085,-65.24,63.0,70.98
0.895,-0.699,1.179,-59.01,64.68,69.44
1.066,-0.795,1.408,-60.2,59.43,67.9
0.869,-0.854,1.011,-125.51,56.77,62.09
0.927,-0.956,1.566,-95.48,47.46,59.36
0.921,-0.957,1.358,-83.79,37.87,50.89
0.886,-0.994,1.369,-72.45,26.53,43.33
0.879,-1.002,1.32,-68.46,13.09,32.55
0.816,-0.95,1.161,-61.18,4.06,23.24
0.801,-0.925,1.018,-58.03,-2.59,12.32
0.789,-0.783,0.923,-58.66,-6.51,4.27
0.737,-0.7,0.618,-42.21,0.91,-0.28
0.679,-0.596,0.569,-37.38,6.93,0.84
0.635,-0.441,0.55,-34.09,10.92,5.67
0.623,-0.442,0.489,-34.93,14.42,6.44
0.552,-0.396,0.502,-38.57,17.22,9.31
0.527,-0.39,0.496,-50.19,16.8,10.43
0.51,-0.38,0.556,-54.46,14.28,12.25
0.513,-0.366,0.487,-57.89,14.63,14.28
0.476,-0.379,0.542,-58.59,13.44,17.57
0.492,-0.393,0.6,-59.99,10.78,22.33
0.534,-0.426,0.61,-64.61,8.89,25.34
0.509,-0.479,0.67,-64.54,4.9,28.35
0.553,-0.524,0.713,-73.78,-1.61,30.94
0.575,-0.563,0.693,-75.67,-3.85,33.46
0.608,-0.578,0.677,-73.5,-3.01,37.38
0.661,-0.614,0.658,-64.05,2.03,41.72
0.71,-0.666,0.661,-50.96,10.71,46.9
0.755,-0.744,0.727,-39.13,21.14,50.12
0.733,-0.913,0.82,-24.15,23.1,42.56
0.655,-1.071,0.926,-17.71,15.61,26.53
0.618,-1.08,0.933,-15.75,5.81,11.62
0.588,-0.935,0.855,-10.78,-0.35,5.6
0.566,-0.789,0.745,-3.36,-2.45,4.97
0.544,-0.711,0.69,3.15,-4.2,6.37
0.542,-0.647,0.627,3.71,-5.46,8.19
0.534,-0.596,0.571,1.54,-6.16,9.17
0.538,-0.58,0.53,-2.94,-6.93,8.75
0.538,-0.571,0.493,-10.22,-6.79,8.47
0.536,-0.557,0.468,-15.26,-5.74,9.45
0.547,-0.549,0.453,-18.34,-2.52,12.74
0.569,-0.589,0.425,-12.53,6.72,18.76
0.63,-0.715,0.417,5.74,22.61,20.86
0.645,-0.913,0.549,20.79,29.96,9.8
0.569,-0.93,0.714,17.08,22.33,-1.89
0.561,-0.77,0.702,8.96,6.72,-5.39
0.538,-0.628,0.601,2.45,2.31,-3.01
0.525,-0.599,0.557,1.89,3.08,-0.63
0.515,-0.602,0.547,3.64,6.3,2.1
0.515,-0.595,0.576,6.16,8.33,5.6
0.505,-0.572,0.602,6.44,8.4,9.59
0.51,-0.607,0.65,5.32,6.65,10.29
0.515,-0.659,0.684,1.82,2.31,9.17
0.517,-0.67,0.683,-1.19,-2.38,7.49
0.522,-0.668,0.647,-3.78,-4.76,5.53
0.525,-0.641,0.614,-5.25,-5.6,4.97
0.529,-0.623,0.581,-5.46,-4.55,4.76
0.532,-0.637,0.567,-4.76,-3.15,3.5
0.532,-0.65,0.571,-3.36,-2.1,2.52
0.529,-0.66,0.597,-3.92,-3.36,1.33
0.53,-0.664,0.612,-5.6,-5.39,-0.07
0.532,-0.667,0.604,-5.95,-6.51,-1.54
0.527,-0.665,0.585,-5.53,-6.37,-2.1
0.531,-0.655,0.562,-3.78,-5.46,-1.89
0.538,-0.65,0.549,-2.52,-3.99,-2.03
0.545,-0.653,0.541,-1.82,-2.31,-2.1
0.544,-0.658,0.549,-0.56,-1.47,-1.47
0.547,-0.644,0.549,-0.77,-0.7,-1.47
0.543,-0.664,0.549,-0.14,0.56,-2.31
0.541,-0.658,0.554,0.91,1.33,-2.66
0.531,-0.656,0.563,2.03,2.03,-2.24
0.529,-0.642,0.581,2.87,1.75,-2.24
0.527,-0.65,0.599,1.26,0.98,-2.66
0.528,-0.65,0.591,0.91,0.63,-3.29
0.53,-0.655,0.595,-0.98,-0.77,-3.57
0.516,-0.63,0.602,-1.89,-2.52,-1.12
0.511,-0.623,0.622,-1.68,-4.48,0.63
0.523,-0.647,0.622,-1.89,-6.02,0.0
0.528,-0.658,0.615,-4.06,-7.98,-0.91
0.53,-0.651,0.598,-6.23,-9.17,-1.82
0.537,-0.653,0.574,-6.58,-8.89,-2.52
0.535,-0.646,0.548,-3.99,-6.79,-1.26
0.529,-0.628,0.537,-0.77,-4.9,0.98
0.541,-0.646,0.542,-0.63,-3.92,1.05
0.55,-0.66,0.541,-0.35,-2.94,0.42
0.557,-0.667,0.539,-0.63,-2.1,-0.77
0.555,-0.668,0.535,-0.84,-0.98,-1.61
0.549,-0.656,0.529,-0.49,0.56,-1.4
0.54,-0.641,0.548,1.4,1.82,0.0
0.535,-0.649,0.569,0.98,1.68,0.07
0.533,-0.658,0.582,-17.85,1.19,-0.77
0.535,-0.669,0.585,-1.68,0.21,-1.96
0.533,-0.666,0.58,-2.31,-0.56,-2.66
0.533,-0.655,0.57,-2.87,-0.77,-1.96
0.53,-0.64,0.56,-0.98,-0.35,-0.98
0.525,-0.658,0.56,2.59,0.28,-1.19
0.531,-0.642,0.582,3.15,-0.28,-1.05
0.539,-0.658,0.587,1.68,-1.61,-2.1
0.54,-0.667,0.585,0.84,-2.17,-3.29
0.534,-0.65,0.567,0.35,-2.31,-3.29
0.531,-0.635,0.56,0.42,-1.89,-1.4
0.528,-0.635,0.57,1.4,-2.03,0.07
0.529,-0.653,0.583,0.42,-2.59,-0.28
0.534,-0.661,0.593,-1.47,-3.57,-1.54
0.534,-0.665,0.591,-3.01,-4.76,-2.52
0.531,-0.663,0.589,-4.55,-5.74,-3.15
0.531,-0.659,0.574,-4.9,-6.16,-3.15
0.533,-0.646,0.563,-3.78,-5.39,-2.03
0.539,-0.643,0.547,-2.59,-4.06,-1.47
0.546,-0.654,0.543,-2.52,-3.08,-1.54
0.551,-0.663,0.537,-2.45,-2.24,-2.38
0.55,-0.671,0.535,-2.31,-1.47,-2.38
0.542,-0.65,0.536,-0.98,-0.7,-1.12
0.531,-0.654,0.548,1.12,-0.35,-0.42
0.539,-0.658,0.574,0.49,-0.98,-0.91
0.542,-0.663,0.565,0.21,-0.91,-1.61
0.541,-0.665,0.568,-0.21,-1.05,-2.24
0.541,-0.658,0.559,-0.07,-0.77,-2.38
0.026,0.752,-1.859,3.71,-76.23,-24.78
0.047,0.834,-2.004,-3.92,-60.76,-13.58
0.133,0.92,-2.078,-8.19,-36.4,-1.26
0.254,0.956,-1.898,-12.95,1.75,10.36
0.331,0.91,-1.728,-19.53,25.76,17.64
0.359,0.785,-1.46,-21.98,43.33,21.35
0.374,0.718,-1.203,-19.11,55.65,25.13
0.369,0.608,-0.95,-16.94,61.6,25.9
0.369,0.494,-0.707,-17.36,58.31,22.47
0.374,0.424,-0.558,-22.82,49.21,17.22
0.404,0.414,-0.525,-27.02,39.76,12.95
0.448,0.469,-0.541,-28.91,33.74,11.41
0.484,0.505,-0.56,-28.84,29.4,10.64
0.501,0.511,-0.583,-30.1,25.97,9.38
0.528,0.531,-0.608,-32.48,22.82,8.68
0.531,0.528,-0.649,-32.48,21.14,7.77
0.522,0.521,-0.688,-32.83,20.23,7.28
0.505,0.52,-0.741,-33.04,20.02,7.07
0.482,0.511,-0.812,-32.97,20.58,6.44
0.459,0.516,-0.881,-34.72,21.7,5.88
0.44,0.547,-0.963,-37.59,24.15,6.65
0.436,0.599,-1.041,-40.46,29.61,9.45
0.43,0.626,-1.094,-43.19,36.19,12.53
0.419,0.642,-1.117,-46.2,44.17,15.61
0.407,0.658,-1.124,-48.72,52.36,19.67
0.384,0.663,-1.096,-51.31,62.3,23.31
0.368,0.651,-1.06,-54.81,68.32,25.97
0.363,0.651,-1.021,-58.59,72.31,28.77
0.356,0.661,-0.978,-67.27,75.6,32.41
0.372,0.68,-1.005,-74.76,79.94,36.47
0.367,0.667,-0.983,-81.41,84.21,42.14
0.367,0.639,-0.939,-89.04,87.78,45.92
0.376,0.604,-0.916,-93.1,92.05,48.44
0.38,0.59,-0.885,-98.7,96.04,51.24
0.381,0.572,-0.849,-103.04,99.96,53.76
0.391,0.561,-0.828,-105.91,105.0,56.14
0.393,0.552,-0.772,-108.71,108.92,58.52
0.399,0.543,-0.728,-115.15,112.0,62.37
0.4,0.541,-0.695,-118.02,115.57,66.08
0.388,0.539,-0.645,-118.51,118.37,69.93
0.38,0.526,-0.584,-118.86,119.7,73.36
0.383,0.503,-0.528,-121.66,118.16,73.99
0.402,0.478,-0.494,-128.66,114.87,73.64
0.422,0.504,-0.483,-135.66,112.91,76.58
0.432,0.516,-0.487,-138.25,113.33,81.2
0.443,0.5,-0.481,-135.45,115.92,86.38
0.444,0.421,-0.4,-136.92,115.5,87.43
0.461,0.365,-0.385,-140.14,115.08,86.38
0.476,0.356,-0.377,-140.84,116.62,88.69
0.473,0.365,-0.336,-137.27,119.84,93.1
0.455,0.317,-0.277,-134.33,119.84,93.87
0.478,0.287,-0.271,-136.78,118.72,91.77
0.498,0.292,-0.3,-142.38,119.98,89.53
0.503,0.317,-0.334,-147.7,124.39,90.09
0.504,0.359,-0.37,-149.24,132.09,94.15
0.498,0.354,-0.353,-149.45,140.77,98.63
0.496,0.303,-0.282,-153.09,148.89,102.48
0.474,0.266,-0.202,-155.4,154.91,106.75
0.436,0.22,-0.089,-156.87,157.15,110.18
0.401,0.162,-0.02,-161.63,156.45,112.49
0.387,0.142,0.024,-164.64,155.05,114.8
0.369,0.129,0.072,-163.24,153.72,118.3
0.342,0.097,0.164,-159.67,149.59,121.8
0.313,-0.004,0.215,-162.26,141.96,118.86
0.335,-0.06,0.191,-167.72,135.66,114.24
0.365,-0.008,0.159,-174.79,132.58,115.99
0.416,0.028,0.087,-173.67,139.58,122.15
0.465,0.007,0.094,-169.12,151.34,127.54
0.475,-0.075,0.188,-168.42,159.6,128.03
0.47,-0.156,0.305,-172.34,160.44,126.07
0.441,-0.17,0.375,-177.45,157.78,125.79
0.419,-0.182,0.382,-179.2,155.4,125.93
0.354,-0.214,0.411,-184.87,150.57,126.91
0.316,-0.226,0.361,-185.64,147.56,129.71
0.279,-0.213,0.347,-187.6,147.35,137.41
0.263,-0.235,0.289,-181.58,153.37,147.91
0.327,-0.261,0.201,-167.51,178.64,159.81
0.389,-0.31,0.262,-143.5,207.97,171.08
0.387,-0.464,0.639,-120.12,222.67,173.04
0.397,-0.622,0.963,-104.58,221.76,166.11
0.404,-0.832,1.342,-107.24,201.88,148.05
0.388,-0.862,1.543,-128.87,169.54,130.27
0.386,-0.895,1.555,-144.69,135.52,114.24
0.397,-0.833,1.423,-153.23,109.34,103.6
0.415,-0.77,1.24,-153.23,93.38,98.21
0.446,-0.679,1.031,-154.35,88.69,100.87
0.506,-0.602,0.857,-145.6,96.25,107.66
0.561,-0.617,0.775,-138.74,109.83,112.91
0.627,-0.646,0.823,-130.97,125.02,117.81
0.654,-0.69,1.012,-121.66,132.86,119.21
0.635,-0.809,1.253,-119.14,126.63,110.53
0.62,-0.915,1.342,-118.58,114.66,99.54
0.605,-0.968,1.314,-106.26,103.32,87.08
0.581,-0.989,1.35,-98.49,92.61,75.53
0.569,-0.908,1.33,-92.33,83.37,69.37
0.546,-0.855,1.311,-85.82,74.13,64.75
0.535,-0.794,1.296,-82.67,63.84,61.18
0.54,-0.728,1.229,-80.71,55.72,60.2
0.567,-0.669,1.151,-75.88,52.08,62.44
0.614,-0.653,1.143,-74.13,50.19,65.52
0.662,-0.669,1.146,-70.77,49.49,67.13
0.71,-0.77,1.194,-69.79,48.3,64.12
0.721,-0.838,1.248,-63.14,42.77,66.85
0.708,-1.069,1.208,-145.46,23.1,51.1
0.724,-0.816,1.401,-102.34,29.61,53.48
0.673,-1.035,1.095,-103.95,27.02,46.83
0.645,-1.012,1.333,-85.89,18.83,39.69
0.659,-1.03,1.134,-71.12,15.68,28.7
0.602,-0.981,1.144,-65.31,9.73,18.76
0.607,-0.873,1.123,-66.85,2.31,13.51
0.567,-0.774,0.9,-54.39,3.36,11.06
0.552,-0.694,0.98,-49.0,-1.61,10.99
0.526,-0.709,0.843,-50.33,-3.64,6.93
0.521,-0.644,0.811,-49.84,-6.44,5.25
0.513,-0.622,0.695,-45.43,-3.71,3.64
0.5,-0.603,0.707,-48.23,-2.17,3.78
0.488,-0.551,0.646,-46.13,1.61,6.79
0.472,-0.544,0.636,-41.09,5.25,9.45
0.46,-0.528,0.641,-38.15,7.7,12.46
0.635,-1.043,0.959,106.05,-2.52,-14.98
0.608,-1.066,0.965,114.87,-3.78,-21.07
0.612,-1.03,1.031,114.03,-9.1,-24.22
0.59,-1.006,0.967,100.94,-9.94,-29.33
0.569,-0.929,0.998,96.25,-12.46,-33.11
0.541,-0.848,0.933,112.35,-7.98,-36.54
0.49,-0.794,1.068,115.71,-14.84,-38.5
0.458,-0.688,1.079,104.65,-24.08,-35.56
0.436,-0.614,1.032,108.5,-31.01,-32.27
0.436,-0.569,1.038,103.81,-39.9,-28.42
0.469,-0.554,0.941,102.13,-43.68,-23.38
0.5,-0.594,0.934,105.07,-44.24,-19.53
0.553,-0.698,1.009,107.1,-46.41,-20.16
0.584,-0.783,1.221,110.74,-50.61,-22.19
0.602,-0.85,1.235,109.69,-57.75,-27.16
0.643,-0.904,1.284,108.01,-69.3,-33.67
0.639,-0.935,1.326,107.8,-79.31,-38.29
0.649,-0.943,1.3,111.16,-84.63,-43.68
0.671,-0.957,1.328,116.2,-87.85,-48.51
0.668,-0.98,1.402,122.78,-91.84,-54.18
0.658,-1.008,1.459,128.17,-95.41,-60.34
0.665,-1.004,1.494,136.85,-97.72,-68.25
0.639,-1.003,1.602,143.78,-105.7,-74.34
0.578,-1.019,1.689,144.76,-121.24,-82.46
0.53,-1.014,1.695,140.77,-138.81,-91.56
0.485,-0.938,1.625,137.34,-154.77,-96.74
0.442,-0.891,1.509,140.7,-165.27,-100.1
0.409,-0.859,1.415,149.94,-168.91,-101.15
0.362,-0.874,1.459,158.2,-175.28,-102.62
0.297,-0.893,1.52,163.45,-187.39,-105.35
0.231,-0.9,1.428,172.27,-200.69,-110.32
0.212,-0.87,1.328,180.18,-206.99,-115.85
0.162,-0.816,1.259,182.98,-214.13,-119.98
0.102,-0.704,1.176,182.0,-221.55,-120.26
0.062,-0.59,1.151,178.78,-231.91,-117.53
0.003,-0.536,1.052,170.73,-242.76,-115.57
-0.028,-0.502,0.922,161.14,-249.62,-113.26
-0.041,-0.444,0.824,158.97,-254.24,-110.39
-0.077,-0.442,0.711,154.84,-258.65,-110.95
-0.072,-0.397,0.481,157.5,-254.03,-111.09
-0.053,-0.331,0.379,163.24,-246.61,-110.81
-0.076,-0.307,0.293,163.03,-241.85,-112.07
-0.07,-0.239,0.138,165.34,-232.75,-111.02
-0.032,-0.157,0.094,171.08,-222.88,-106.96
-0.027,-0.11,0.154,176.75,-218.47,-101.22
-0.038,-0.086,0.227,161.63,-223.09,-94.29
-0.036,-0.124,0.122,175.98,-228.34,-93.24
0.003,-0.099,-0.01,171.15,-229.39,-91.98
0.043,-0.073,-0.138,170.45,-228.06,-90.16
0.076,-0.059,-0.244,170.8,-222.46,-88.2
0.1,-0.036,-0.29,172.41,-218.05,-84.84
0.095,0.032,-0.303,169.96,-223.44,-79.24
0.149,0.068,-0.452,161.35,-226.03,-75.95
0.193,0.056,-0.598,151.06,-223.3,-75.6
0.242,0.073,-0.701,142.38,-218.05,-75.32
0.246,0.075,-0.809,136.85,-210.98,-75.32
0.262,0.102,-1.032,132.79,-191.03,-74.27
0.341,0.214,-0.801,136.5,-182.21,-69.44
0.379,0.167,-0.814,126.42,-177.59,-71.4
0.412,0.188,-0.875,122.64,-166.6,-72.1
0.418,0.201,-0.774,118.65,-160.86,-71.68
0.438,0.272,-0.761,118.72,-154.07,-68.25
0.427,0.276,-0.659,117.04,-151.48,-65.52
0.416,0.256,-0.538,109.62,-154.35,-65.03
0.381,0.251,-0.489,103.74,-160.02,-63.77
0.38,0.259,-0.49,101.78,-164.01,-62.09
0.401,0.179,-0.449,96.53,-176.54,-65.1
0.446,0.111,-0.612,91.07,-177.73,-71.33
0.452,0.101,-0.708,85.82,-178.64,-76.44
0.413,0.09,-0.885,85.26,-175.98,-81.69
0.399,0.129,-1.048,84.63,-169.75,-85.4
0.351,0.136,-1.167,82.46,-166.74,-89.39
0.235,0.106,-1.389,77.07,-165.06,-100.45
0.105,0.16,-1.658,60.76,-166.67,-110.74
-0.078,0.319,-1.975,36.12,-174.09,-116.9
-0.259,0.62,-2.395,-1.96,-180.25,-114.17
-0.319,1.051,-2.954,-38.29,-170.94,-97.72
-0.009,1.522,-3.547,-62.58,-114.73,-64.54
0.285,1.729,-3.769,-83.93,-38.85,-20.86
0.599,1.675,-3.466,-82.46,50.68,21.21
0.739,1.299,-2.924,-63.98,130.97,48.37
0.732,0.742,-2.087,-38.92,189.91,54.11
0.667,0.222,-1.226,-27.51,217.49,43.12
0.567,-0.035,-0.451,7.21,216.58,25.48
0.485,-0.036,0.278,12.25,188.93,10.5
0.506,-0.058,0.821,9.59,138.04,-0.28
0.542,0.075,1.019,-7.7,83.02,-6.37
0.6,0.331,0.944,-22.4,36.4,-7.84
0.665,0.37,0.692,-27.51,6.3,-4.69
0.744,0.444,0.448,-22.12,-9.94,-2.03
0.788,0.461,0.253,-17.08,-19.46,0.21
0.78,0.473,0.083,-10.43,-25.76,1.96
0.738,0.477,-0.096,-3.08,-32.13,2.73
0.707,0.486,-0.3,-1.4,-39.06,2.38
0.676,0.503,-0.541,-4.34,-43.75,1.82
0.669,0.541,-0.797,-6.93,-42.63,3.01
0.675,0.58,-0.995,-8.89,-35.77,6.16
0.689,0.583,-1.151,-9.8,-20.65,9.8
0.712,0.569,-1.169,-10.78,-8.12,12.67
0.724,0.517,-1.106,-13.44,2.8,13.79
0.718,0.477,-1.057,-15.05,12.6,14.28
0.707,0.438,-0.971,-14.63,20.09,13.72
0.7,0.404,-0.911,-16.52,25.2,12.67
0.688,0.402,-0.868,-18.83,28.35,12.32
0.677,0.424,-0.848,-20.02,30.94,12.53
0.66,0.432,-0.842,-22.05,31.85,12.25
0.63,0.452,-0.864,-25.62,32.55,11.76
0.603,0.506,-0.902,-32.55,32.41,12.88
0.576,0.574,-0.991,-36.54,35.07,16.17
0.558,0.616,-1.042,-41.23,38.92,20.23
0.548,0.642,-1.084,-45.92,44.73,24.22
0.534,0.648,-1.107,-51.38,51.17,28.35
0.54,0.65,-1.128,-57.19,58.94,31.78
0.543,0.639,-1.151,-62.23,67.9,34.51
0.545,0.627,-1.139,-67.06,77.98,37.17
0.552,0.616,-1.099,-72.87,87.57,40.39
0.546,0.586,-1.059,-77.35,96.6,43.54
0.532,0.553,-1.015,-80.71,104.93,46.06
0.523,0.514,-0.945,-83.65,112.0,48.3
